insert into student20.t1_genre
values ('9435ebc0-d3b6-41a6-961f-e6cb0ef86bd8', 'Non-fiction'),
       ('e6493103-ee12-4fe1-9c70-4571ca9737b3', 'Исторический роман'),
       ('a641fca6-a5b8-4251-8f89-8b51529a3e10', 'Фантастика');

insert into student20.t1_author
values ('662423c9-8533-47f1-bffb-2d75aca45df3', 'Митио Каку'),
       ('0a170698-f94f-4c51-b1e8-9bf522c4ee58', 'Ричард Докинз'),
       ('3ee4d296-ac88-42b2-bd54-209f55e7d12b', 'Ричард Фейнман'),
       ('034b559c-4b5e-4df2-823d-3e2f943523aa', 'Юрий Тынянов'),
       ('9a1244cd-8272-4fab-a61c-28a62f3a8fd4', 'Аркадий и Борис Стругацкие');

insert into student20.t1_book
values ('32a91be8-1063-4b92-ae76-42e33650562c', 'Физика невозможного', 2008, 2000, 460,
        '662423c9-8533-47f1-bffb-2d75aca45df3', '9435ebc0-d3b6-41a6-961f-e6cb0ef86bd8'),
       ('a7ab862f-19cd-4e3a-947f-1ede64dc08f0', 'Эгоистичный ген', 1989, 400, 610,
        '0a170698-f94f-4c51-b1e8-9bf522c4ee58', '9435ebc0-d3b6-41a6-961f-e6cb0ef86bd8'),
       ('5a4a3fb1-3e54-4600-b264-d951b731446a', 'Вы, конечно, шутите, мистер Фейнман!', 1985, 1000, 450,
        '3ee4d296-ac88-42b2-bd54-209f55e7d12b', '9435ebc0-d3b6-41a6-961f-e6cb0ef86bd8'),
       ('3e3c88d9-ddb0-4b1a-a227-0c1754141019', 'Кюхля', 1925, 2300, 350,
        '034b559c-4b5e-4df2-823d-3e2f943523aa', 'e6493103-ee12-4fe1-9c70-4571ca9737b3'),
       ('86d3bf3a-1f83-4789-ab45-e47ebab058d8', 'За миллиард лет до конца света', 1977, 20000, 150,
        '9a1244cd-8272-4fab-a61c-28a62f3a8fd4', 'a641fca6-a5b8-4251-8f89-8b51529a3e10'),
       ('3c0f5174-99b3-4c06-adb4-c09a53f2e555', 'Понедельник начинается в субботу', 1964, 21000, 250,
        '9a1244cd-8272-4fab-a61c-28a62f3a8fd4', 'a641fca6-a5b8-4251-8f89-8b51529a3e10'),
       ('9cdbace6-5da3-41dd-9015-3d804b183eb5', 'Уравнение Бога. В поисках теории всего', 2021, 1700, 200,
        '662423c9-8533-47f1-bffb-2d75aca45df3', '9435ebc0-d3b6-41a6-961f-e6cb0ef86bd8');

select * from student20.t1_book_0;
select * from student20.t1_book_1;
select * from student20.t1_book_2;
select * from student20.t1_book_default;